template_cfg,run_cfg,capacity_value,capacity_unit,cell_file_cfg,cell_file_used,design_target,optimized_for,optimization_target_cfg,read_latency_ns,write_latency_ns,area_mm2,read_dynamic_energy_pj,write_dynamic_energy_pj,leakage_power_uw,status,return_code,log_file,refresh_latency_ns
sample_2D_eDRAM.cfg,sweep_out/tmp_cfgs/tmp__sample_2D_eDRAM__sample_2D_eDRAM__32KB__WriteEDP.cfg,32,KB,sample_2D_eDRAM.cell,sample_2D_eDRAM.cell,Cache,Write Energy-Delay-Product,WriteEDP,0.114,0.065,0.273,16,9,85313,ok,0,sweep_out/logs/tmp__sample_2D_eDRAM__sample_2D_eDRAM__32KB__WriteEDP.cfg.txt,21.0
sample_2D_eDRAM.cfg,sweep_out/tmp_cfgs/tmp__sample_2D_eDRAM__sample_2D_eDRAM__64KB__WriteEDP.cfg,64,KB,sample_2D_eDRAM.cell,sample_2D_eDRAM.cell,Cache,Write Energy-Delay-Product,WriteEDP,0.119,0.071,0.552,26,14,168071,ok,0,sweep_out/logs/tmp__sample_2D_eDRAM__sample_2D_eDRAM__64KB__WriteEDP.cfg.txt,23.0
sample_2D_eDRAM.cfg,sweep_out/tmp_cfgs/tmp__sample_2D_eDRAM__sample_2D_eDRAM__128KB__WriteEDP.cfg,128,KB,sample_2D_eDRAM.cell,sample_2D_eDRAM.cell,Cache,Write Energy-Delay-Product,WriteEDP,0.127,0.077,1.062,23,16,337377,ok,0,sweep_out/logs/tmp__sample_2D_eDRAM__sample_2D_eDRAM__128KB__WriteEDP.cfg.txt,76.0
sample_2D_eDRAM.cfg,sweep_out/tmp_cfgs/tmp__sample_2D_eDRAM__sample_2D_eDRAM__256KB__WriteEDP.cfg,256,KB,sample_2D_eDRAM.cell,sample_2D_eDRAM.cell,Cache,Write Energy-Delay-Product,WriteEDP,0.17,0.094,1.967,36,24,576134,ok,0,sweep_out/logs/tmp__sample_2D_eDRAM__sample_2D_eDRAM__256KB__WriteEDP.cfg.txt,46.0
sample_2D_eDRAM.cfg,sweep_out/tmp_cfgs/tmp__sample_2D_eDRAM__sample_2D_eDRAM__512KB__WriteEDP.cfg,512,KB,sample_2D_eDRAM.cell,sample_2D_eDRAM.cell,Cache,Write Energy-Delay-Product,WriteEDP,0.255,0.161,1.383,28,22,343128,ok,0,sweep_out/logs/tmp__sample_2D_eDRAM__sample_2D_eDRAM__512KB__WriteEDP.cfg.txt,208.0
sample_2D_eDRAM.cfg,sweep_out/tmp_cfgs/tmp__sample_2D_eDRAM__sample_2D_eDRAM__1024KB__WriteEDP.cfg,1024,KB,sample_2D_eDRAM.cell,sample_2D_eDRAM.cell,Cache,Write Energy-Delay-Product,WriteEDP,0.323,0.301,1.67,31,23,405594,ok,0,sweep_out/logs/tmp__sample_2D_eDRAM__sample_2D_eDRAM__1024KB__WriteEDP.cfg.txt,3125.0
sample_2D_eDRAM.cfg,sweep_out/tmp_cfgs/tmp__sample_2D_eDRAM__sample_2D_eDRAM__32KB__ReadLatency.cfg,32,KB,sample_2D_eDRAM.cell,sample_2D_eDRAM.cell,Cache,Read Latency,ReadLatency,0.072,0.056,0.325,32,24,103352,ok,0,sweep_out/logs/tmp__sample_2D_eDRAM__sample_2D_eDRAM__32KB__ReadLatency.cfg.txt,72.0
sample_2D_eDRAM.cfg,sweep_out/tmp_cfgs/tmp__sample_2D_eDRAM__sample_2D_eDRAM__64KB__ReadLatency.cfg,64,KB,sample_2D_eDRAM.cell,sample_2D_eDRAM.cell,Cache,Read Latency,ReadLatency,0.097,0.071,0.637,64,51,191821,ok,0,sweep_out/logs/tmp__sample_2D_eDRAM__sample_2D_eDRAM__64KB__ReadLatency.cfg.txt,23.0
sample_2D_eDRAM.cfg,sweep_out/tmp_cfgs/tmp__sample_2D_eDRAM__sample_2D_eDRAM__128KB__ReadLatency.cfg,128,KB,sample_2D_eDRAM.cell,sample_2D_eDRAM.cell,Cache,Read Latency,ReadLatency,0.114,0.074,1.11,32,25,345206,ok,0,sweep_out/logs/tmp__sample_2D_eDRAM__sample_2D_eDRAM__128KB__ReadLatency.cfg.txt,144.0
sample_2D_eDRAM.cfg,sweep_out/tmp_cfgs/tmp__sample_2D_eDRAM__sample_2D_eDRAM__256KB__ReadLatency.cfg,256,KB,sample_2D_eDRAM.cell,sample_2D_eDRAM.cell,Cache,Read Latency,ReadLatency,0.143,0.094,2.169,51,39,630876,ok,0,sweep_out/logs/tmp__sample_2D_eDRAM__sample_2D_eDRAM__256KB__ReadLatency.cfg.txt,46.0
sample_2D_eDRAM.cfg,sweep_out/tmp_cfgs/tmp__sample_2D_eDRAM__sample_2D_eDRAM__512KB__ReadLatency.cfg,512,KB,sample_2D_eDRAM.cell,sample_2D_eDRAM.cell,Cache,Read Latency,ReadLatency,0.205,0.142,4.095,48,41,1.29279e+06,ok,0,sweep_out/logs/tmp__sample_2D_eDRAM__sample_2D_eDRAM__512KB__ReadLatency.cfg.txt,288.0
sample_2D_eDRAM.cfg,sweep_out/tmp_cfgs/tmp__sample_2D_eDRAM__sample_2D_eDRAM__1024KB__ReadLatency.cfg,1024,KB,sample_2D_eDRAM.cell,sample_2D_eDRAM.cell,Cache,Read Latency,ReadLatency,0.273,0.185,7.632,78,66,2.23482e+06,ok,0,sweep_out/logs/tmp__sample_2D_eDRAM__sample_2D_eDRAM__1024KB__ReadLatency.cfg.txt,91.0
sample_2D_eDRAM.cfg,sweep_out/tmp_cfgs/tmp__sample_2D_eDRAM__sample_2D_eDRAM__32KB__WriteLatency.cfg,32,KB,sample_2D_eDRAM.cell,sample_2D_eDRAM.cell,Cache,Write Latency,WriteLatency,0.072,0.056,0.325,32,24,103352,ok,0,sweep_out/logs/tmp__sample_2D_eDRAM__sample_2D_eDRAM__32KB__WriteLatency.cfg.txt,72.0
sample_2D_eDRAM.cfg,sweep_out/tmp_cfgs/tmp__sample_2D_eDRAM__sample_2D_eDRAM__64KB__WriteLatency.cfg,64,KB,sample_2D_eDRAM.cell,sample_2D_eDRAM.cell,Cache,Write Latency,WriteLatency,0.097,0.071,0.637,64,51,191821,ok,0,sweep_out/logs/tmp__sample_2D_eDRAM__sample_2D_eDRAM__64KB__WriteLatency.cfg.txt,23.0
sample_2D_eDRAM.cfg,sweep_out/tmp_cfgs/tmp__sample_2D_eDRAM__sample_2D_eDRAM__128KB__WriteLatency.cfg,128,KB,sample_2D_eDRAM.cell,sample_2D_eDRAM.cell,Cache,Write Latency,WriteLatency,0.114,0.074,1.11,32,25,345206,ok,0,sweep_out/logs/tmp__sample_2D_eDRAM__sample_2D_eDRAM__128KB__WriteLatency.cfg.txt,144.0
sample_2D_eDRAM.cfg,sweep_out/tmp_cfgs/tmp__sample_2D_eDRAM__sample_2D_eDRAM__256KB__WriteLatency.cfg,256,KB,sample_2D_eDRAM.cell,sample_2D_eDRAM.cell,Cache,Write Latency,WriteLatency,0.143,0.094,2.169,51,39,630876,ok,0,sweep_out/logs/tmp__sample_2D_eDRAM__sample_2D_eDRAM__256KB__WriteLatency.cfg.txt,46.0
sample_2D_eDRAM.cfg,sweep_out/tmp_cfgs/tmp__sample_2D_eDRAM__sample_2D_eDRAM__512KB__WriteLatency.cfg,512,KB,sample_2D_eDRAM.cell,sample_2D_eDRAM.cell,Cache,Write Latency,WriteLatency,0.205,0.142,4.095,48,41,1.29279e+06,ok,0,sweep_out/logs/tmp__sample_2D_eDRAM__sample_2D_eDRAM__512KB__WriteLatency.cfg.txt,288.0
sample_2D_eDRAM.cfg,sweep_out/tmp_cfgs/tmp__sample_2D_eDRAM__sample_2D_eDRAM__1024KB__WriteLatency.cfg,1024,KB,sample_2D_eDRAM.cell,sample_2D_eDRAM.cell,Cache,Write Latency,WriteLatency,0.273,0.185,7.632,78,66,2.23482e+06,ok,0,sweep_out/logs/tmp__sample_2D_eDRAM__sample_2D_eDRAM__1024KB__WriteLatency.cfg.txt,91.0
sample_2D_eDRAM.cfg,sweep_out/tmp_cfgs/tmp__sample_2D_eDRAM__sample_2D_eDRAM__32KB__ReadDynamicEnergy.cfg,32,KB,sample_2D_eDRAM.cell,sample_2D_eDRAM.cell,Cache,Read Energy,ReadDynamicEnergy,0.647,0.588,0.151,13,6,51168,ok,0,sweep_out/logs/tmp__sample_2D_eDRAM__sample_2D_eDRAM__32KB__ReadDynamicEnergy.cfg.txt,109.0
sample_2D_eDRAM.cfg,sweep_out/tmp_cfgs/tmp__sample_2D_eDRAM__sample_2D_eDRAM__64KB__ReadDynamicEnergy.cfg,64,KB,sample_2D_eDRAM.cell,sample_2D_eDRAM.cell,Cache,Read Energy,ReadDynamicEnergy,0.671,0.606,0.181,15,8,54605,ok,0,sweep_out/logs/tmp__sample_2D_eDRAM__sample_2D_eDRAM__64KB__ReadDynamicEnergy.cfg.txt,214.0
sample_2D_eDRAM.cfg,sweep_out/tmp_cfgs/tmp__sample_2D_eDRAM__sample_2D_eDRAM__128KB__ReadDynamicEnergy.cfg,128,KB,sample_2D_eDRAM.cell,sample_2D_eDRAM.cell,Cache,Read Energy,ReadDynamicEnergy,0.677,0.611,0.347,17,10,91834,ok,0,sweep_out/logs/tmp__sample_2D_eDRAM__sample_2D_eDRAM__128KB__ReadDynamicEnergy.cfg.txt,422.0
sample_2D_eDRAM.cfg,sweep_out/tmp_cfgs/tmp__sample_2D_eDRAM__sample_2D_eDRAM__256KB__ReadDynamicEnergy.cfg,256,KB,sample_2D_eDRAM.cell,sample_2D_eDRAM.cell,Cache,Read Energy,ReadDynamicEnergy,0.679,0.611,0.448,20,12,106520,ok,0,sweep_out/logs/tmp__sample_2D_eDRAM__sample_2D_eDRAM__256KB__ReadDynamicEnergy.cfg.txt,829.0
sample_2D_eDRAM.cfg,sweep_out/tmp_cfgs/tmp__sample_2D_eDRAM__sample_2D_eDRAM__512KB__ReadDynamicEnergy.cfg,512,KB,sample_2D_eDRAM.cell,sample_2D_eDRAM.cell,Cache,Read Energy,ReadDynamicEnergy,0.721,0.627,1.194,28,21,271686,ok,0,sweep_out/logs/tmp__sample_2D_eDRAM__sample_2D_eDRAM__512KB__ReadDynamicEnergy.cfg.txt,843.0
sample_2D_eDRAM.cfg,sweep_out/tmp_cfgs/tmp__sample_2D_eDRAM__sample_2D_eDRAM__1024KB__ReadDynamicEnergy.cfg,1024,KB,sample_2D_eDRAM.cell,sample_2D_eDRAM.cell,Cache,Read Energy,ReadDynamicEnergy,0.77,0.667,1.355,30,22,262827,ok,0,sweep_out/logs/tmp__sample_2D_eDRAM__sample_2D_eDRAM__1024KB__ReadDynamicEnergy.cfg.txt,1799.0
sample_2D_eDRAM.cfg,sweep_out/tmp_cfgs/tmp__sample_2D_eDRAM__sample_2D_eDRAM__32KB__WriteDynamicEnergy.cfg,32,KB,sample_2D_eDRAM.cell,sample_2D_eDRAM.cell,Cache,Write Energy,WriteDynamicEnergy,0.647,0.588,0.151,13,6,51168,ok,0,sweep_out/logs/tmp__sample_2D_eDRAM__sample_2D_eDRAM__32KB__WriteDynamicEnergy.cfg.txt,109.0
sample_2D_eDRAM.cfg,sweep_out/tmp_cfgs/tmp__sample_2D_eDRAM__sample_2D_eDRAM__64KB__WriteDynamicEnergy.cfg,64,KB,sample_2D_eDRAM.cell,sample_2D_eDRAM.cell,Cache,Write Energy,WriteDynamicEnergy,0.671,0.606,0.181,15,8,54605,ok,0,sweep_out/logs/tmp__sample_2D_eDRAM__sample_2D_eDRAM__64KB__WriteDynamicEnergy.cfg.txt,214.0
sample_2D_eDRAM.cfg,sweep_out/tmp_cfgs/tmp__sample_2D_eDRAM__sample_2D_eDRAM__128KB__WriteDynamicEnergy.cfg,128,KB,sample_2D_eDRAM.cell,sample_2D_eDRAM.cell,Cache,Write Energy,WriteDynamicEnergy,0.677,0.611,0.347,17,10,91834,ok,0,sweep_out/logs/tmp__sample_2D_eDRAM__sample_2D_eDRAM__128KB__WriteDynamicEnergy.cfg.txt,422.0
sample_2D_eDRAM.cfg,sweep_out/tmp_cfgs/tmp__sample_2D_eDRAM__sample_2D_eDRAM__256KB__WriteDynamicEnergy.cfg,256,KB,sample_2D_eDRAM.cell,sample_2D_eDRAM.cell,Cache,Write Energy,WriteDynamicEnergy,0.692,0.624,0.386,20,12,86353,ok,0,sweep_out/logs/tmp__sample_2D_eDRAM__sample_2D_eDRAM__256KB__WriteDynamicEnergy.cfg.txt,863.0
sample_2D_eDRAM.cfg,sweep_out/tmp_cfgs/tmp__sample_2D_eDRAM__sample_2D_eDRAM__512KB__WriteDynamicEnergy.cfg,512,KB,sample_2D_eDRAM.cell,sample_2D_eDRAM.cell,Cache,Write Energy,WriteDynamicEnergy,0.749,0.66,0.599,29,20,112895,ok,0,sweep_out/logs/tmp__sample_2D_eDRAM__sample_2D_eDRAM__512KB__WriteDynamicEnergy.cfg.txt,2299.0
sample_2D_eDRAM.cfg,sweep_out/tmp_cfgs/tmp__sample_2D_eDRAM__sample_2D_eDRAM__1024KB__WriteDynamicEnergy.cfg,1024,KB,sample_2D_eDRAM.cell,sample_2D_eDRAM.cell,Cache,Write Energy,WriteDynamicEnergy,0.77,0.667,1.355,30,22,262827,ok,0,sweep_out/logs/tmp__sample_2D_eDRAM__sample_2D_eDRAM__1024KB__WriteDynamicEnergy.cfg.txt,1799.0
sample_3D_eDRAM.cfg,sweep_out/tmp_cfgs/tmp__sample_3D_eDRAM__sample_3D_eDRAM__32KB__WriteEDP.cfg,32,KB,sample_3D_eDRAM.cell,sample_3D_eDRAM.cell,Cache,Write Energy-Delay-Product,WriteEDP,0.062,0.054,0.199,20,16,135110,ok,0,sweep_out/logs/tmp__sample_3D_eDRAM__sample_3D_eDRAM__32KB__WriteEDP.cfg.txt,18.0
sample_3D_eDRAM.cfg,sweep_out/tmp_cfgs/tmp__sample_3D_eDRAM__sample_3D_eDRAM__64KB__WriteEDP.cfg,64,KB,sample_3D_eDRAM.cell,sample_3D_eDRAM.cell,Cache,Write Energy-Delay-Product,WriteEDP,0.086,0.054,0.257,18,14,256640,ok,0,sweep_out/logs/tmp__sample_3D_eDRAM__sample_3D_eDRAM__64KB__WriteEDP.cfg.txt,36.0
sample_3D_eDRAM.cfg,sweep_out/tmp_cfgs/tmp__sample_3D_eDRAM__sample_3D_eDRAM__128KB__WriteEDP.cfg,128,KB,sample_3D_eDRAM.cell,sample_3D_eDRAM.cell,Cache,Write Energy-Delay-Product,WriteEDP,0.101,0.071,0.376,21,17,489755,ok,0,sweep_out/logs/tmp__sample_3D_eDRAM__sample_3D_eDRAM__128KB__WriteEDP.cfg.txt,36.0
sample_3D_eDRAM.cfg,sweep_out/tmp_cfgs/tmp__sample_3D_eDRAM__sample_3D_eDRAM__256KB__WriteEDP.cfg,256,KB,sample_3D_eDRAM.cell,sample_3D_eDRAM.cell,Cache,Write Energy-Delay-Product,WriteEDP,0.104,0.071,0.635,22,18,979509,ok,0,sweep_out/logs/tmp__sample_3D_eDRAM__sample_3D_eDRAM__256KB__WriteEDP.cfg.txt,72.0
sample_3D_eDRAM.cfg,sweep_out/tmp_cfgs/tmp__sample_3D_eDRAM__sample_3D_eDRAM__512KB__WriteEDP.cfg,512,KB,sample_3D_eDRAM.cell,sample_3D_eDRAM.cell,Cache,Write Energy-Delay-Product,WriteEDP,0.144,0.131,0.942,24,21,1.43431e+06,ok,0,sweep_out/logs/tmp__sample_3D_eDRAM__sample_3D_eDRAM__512KB__WriteEDP.cfg.txt,312.0
sample_3D_eDRAM.cfg,sweep_out/tmp_cfgs/tmp__sample_3D_eDRAM__sample_3D_eDRAM__1024KB__WriteEDP.cfg,1024,KB,sample_3D_eDRAM.cell,sample_3D_eDRAM.cell,Cache,Write Energy-Delay-Product,WriteEDP,0.188,0.131,1.933,31,28,3.40442e+06,ok,0,sweep_out/logs/tmp__sample_3D_eDRAM__sample_3D_eDRAM__1024KB__WriteEDP.cfg.txt,273.0
sample_3D_eDRAM.cfg,sweep_out/tmp_cfgs/tmp__sample_3D_eDRAM__sample_3D_eDRAM__32KB__ReadLatency.cfg,32,KB,sample_3D_eDRAM.cell,sample_3D_eDRAM.cell,Cache,Read Latency,ReadLatency,0.059,0.052,0.194,22,18,125958,ok,0,sweep_out/logs/tmp__sample_3D_eDRAM__sample_3D_eDRAM__32KB__ReadLatency.cfg.txt,34.0
sample_3D_eDRAM.cfg,sweep_out/tmp_cfgs/tmp__sample_3D_eDRAM__sample_3D_eDRAM__64KB__ReadLatency.cfg,64,KB,sample_3D_eDRAM.cell,sample_3D_eDRAM.cell,Cache,Read Latency,ReadLatency,0.062,0.052,0.265,25,21,251916,ok,0,sweep_out/logs/tmp__sample_3D_eDRAM__sample_3D_eDRAM__64KB__ReadLatency.cfg.txt,68.0
sample_3D_eDRAM.cfg,sweep_out/tmp_cfgs/tmp__sample_3D_eDRAM__sample_3D_eDRAM__128KB__ReadLatency.cfg,128,KB,sample_3D_eDRAM.cell,sample_3D_eDRAM.cell,Cache,Read Latency,ReadLatency,0.089,0.068,0.405,40,36,503832,ok,0,sweep_out/logs/tmp__sample_3D_eDRAM__sample_3D_eDRAM__128KB__ReadLatency.cfg.txt,68.0
sample_3D_eDRAM.cfg,sweep_out/tmp_cfgs/tmp__sample_3D_eDRAM__sample_3D_eDRAM__256KB__ReadLatency.cfg,256,KB,sample_3D_eDRAM.cell,sample_3D_eDRAM.cell,Cache,Read Latency,ReadLatency,0.1,0.068,0.592,25,22,844808,ok,0,sweep_out/logs/tmp__sample_3D_eDRAM__sample_3D_eDRAM__256KB__ReadLatency.cfg.txt,137.0
sample_3D_eDRAM.cfg,sweep_out/tmp_cfgs/tmp__sample_3D_eDRAM__sample_3D_eDRAM__512KB__ReadLatency.cfg,512,KB,sample_3D_eDRAM.cell,sample_3D_eDRAM.cell,Cache,Read Latency,ReadLatency,0.134,0.123,1.03,40,36,1.55381e+06,ok,0,sweep_out/logs/tmp__sample_3D_eDRAM__sample_3D_eDRAM__512KB__ReadLatency.cfg.txt,580.0
sample_3D_eDRAM.cfg,sweep_out/tmp_cfgs/tmp__sample_3D_eDRAM__sample_3D_eDRAM__1024KB__ReadLatency.cfg,1024,KB,sample_3D_eDRAM.cell,sample_3D_eDRAM.cell,Cache,Read Latency,ReadLatency,0.186,0.131,1.869,33,30,3.15846e+06,ok,0,sweep_out/logs/tmp__sample_3D_eDRAM__sample_3D_eDRAM__1024KB__ReadLatency.cfg.txt,273.0
sample_3D_eDRAM.cfg,sweep_out/tmp_cfgs/tmp__sample_3D_eDRAM__sample_3D_eDRAM__32KB__WriteLatency.cfg,32,KB,sample_3D_eDRAM.cell,sample_3D_eDRAM.cell,Cache,Write Latency,WriteLatency,0.059,0.052,0.194,22,18,125958,ok,0,sweep_out/logs/tmp__sample_3D_eDRAM__sample_3D_eDRAM__32KB__WriteLatency.cfg.txt,34.0
sample_3D_eDRAM.cfg,sweep_out/tmp_cfgs/tmp__sample_3D_eDRAM__sample_3D_eDRAM__64KB__WriteLatency.cfg,64,KB,sample_3D_eDRAM.cell,sample_3D_eDRAM.cell,Cache,Write Latency,WriteLatency,0.062,0.052,0.265,25,21,251916,ok,0,sweep_out/logs/tmp__sample_3D_eDRAM__sample_3D_eDRAM__64KB__WriteLatency.cfg.txt,68.0
sample_3D_eDRAM.cfg,sweep_out/tmp_cfgs/tmp__sample_3D_eDRAM__sample_3D_eDRAM__128KB__WriteLatency.cfg,128,KB,sample_3D_eDRAM.cell,sample_3D_eDRAM.cell,Cache,Write Latency,WriteLatency,0.089,0.068,0.405,40,36,503832,ok,0,sweep_out/logs/tmp__sample_3D_eDRAM__sample_3D_eDRAM__128KB__WriteLatency.cfg.txt,68.0
sample_3D_eDRAM.cfg,sweep_out/tmp_cfgs/tmp__sample_3D_eDRAM__sample_3D_eDRAM__256KB__WriteLatency.cfg,256,KB,sample_3D_eDRAM.cell,sample_3D_eDRAM.cell,Cache,Write Latency,WriteLatency,0.1,0.068,0.592,25,22,844808,ok,0,sweep_out/logs/tmp__sample_3D_eDRAM__sample_3D_eDRAM__256KB__WriteLatency.cfg.txt,137.0
sample_3D_eDRAM.cfg,sweep_out/tmp_cfgs/tmp__sample_3D_eDRAM__sample_3D_eDRAM__512KB__WriteLatency.cfg,512,KB,sample_3D_eDRAM.cell,sample_3D_eDRAM.cell,Cache,Write Latency,WriteLatency,0.134,0.123,1.03,40,36,1.55381e+06,ok,0,sweep_out/logs/tmp__sample_3D_eDRAM__sample_3D_eDRAM__512KB__WriteLatency.cfg.txt,580.0
sample_3D_eDRAM.cfg,sweep_out/tmp_cfgs/tmp__sample_3D_eDRAM__sample_3D_eDRAM__1024KB__WriteLatency.cfg,1024,KB,sample_3D_eDRAM.cell,sample_3D_eDRAM.cell,Cache,Write Latency,WriteLatency,0.186,0.131,1.869,33,30,3.15846e+06,ok,0,sweep_out/logs/tmp__sample_3D_eDRAM__sample_3D_eDRAM__1024KB__WriteLatency.cfg.txt,273.0
sample_3D_eDRAM.cfg,sweep_out/tmp_cfgs/tmp__sample_3D_eDRAM__sample_3D_eDRAM__32KB__ReadDynamicEnergy.cfg,32,KB,sample_3D_eDRAM.cell,sample_3D_eDRAM.cell,Cache,Read Energy,ReadDynamicEnergy,0.58,0.53,0.152,15,12,62094,ok,0,sweep_out/logs/tmp__sample_3D_eDRAM__sample_3D_eDRAM__32KB__ReadDynamicEnergy.cfg.txt,50.0
sample_3D_eDRAM.cfg,sweep_out/tmp_cfgs/tmp__sample_3D_eDRAM__sample_3D_eDRAM__64KB__ReadDynamicEnergy.cfg,64,KB,sample_3D_eDRAM.cell,sample_3D_eDRAM.cell,Cache,Read Energy,ReadDynamicEnergy,0.566,0.52,0.196,16,13,145437,ok,0,sweep_out/logs/tmp__sample_3D_eDRAM__sample_3D_eDRAM__64KB__ReadDynamicEnergy.cfg.txt,98.0
sample_3D_eDRAM.cfg,sweep_out/tmp_cfgs/tmp__sample_3D_eDRAM__sample_3D_eDRAM__128KB__ReadDynamicEnergy.cfg,128,KB,sample_3D_eDRAM.cell,sample_3D_eDRAM.cell,Cache,Read Energy,ReadDynamicEnergy,0.592,0.535,0.202,17,14,131383,ok,0,sweep_out/logs/tmp__sample_3D_eDRAM__sample_3D_eDRAM__128KB__ReadDynamicEnergy.cfg.txt,192.0
sample_3D_eDRAM.cfg,sweep_out/tmp_cfgs/tmp__sample_3D_eDRAM__sample_3D_eDRAM__256KB__ReadDynamicEnergy.cfg,256,KB,sample_3D_eDRAM.cell,sample_3D_eDRAM.cell,Cache,Read Energy,ReadDynamicEnergy,0.595,0.54,0.329,19,17,353399,ok,0,sweep_out/logs/tmp__sample_3D_eDRAM__sample_3D_eDRAM__256KB__ReadDynamicEnergy.cfg.txt,380.0
sample_3D_eDRAM.cfg,sweep_out/tmp_cfgs/tmp__sample_3D_eDRAM__sample_3D_eDRAM__512KB__ReadDynamicEnergy.cfg,512,KB,sample_3D_eDRAM.cell,sample_3D_eDRAM.cell,Cache,Read Energy,ReadDynamicEnergy,0.601,0.538,0.338,20,16,257944,ok,0,sweep_out/logs/tmp__sample_3D_eDRAM__sample_3D_eDRAM__512KB__ReadDynamicEnergy.cfg.txt,812.0
sample_3D_eDRAM.cfg,sweep_out/tmp_cfgs/tmp__sample_3D_eDRAM__sample_3D_eDRAM__1024KB__ReadDynamicEnergy.cfg,1024,KB,sample_3D_eDRAM.cell,sample_3D_eDRAM.cell,Cache,Read Energy,ReadDynamicEnergy,0.647,0.554,0.458,26,21,323051,ok,0,sweep_out/logs/tmp__sample_3D_eDRAM__sample_3D_eDRAM__1024KB__ReadDynamicEnergy.cfg.txt,2337.0
sample_3D_eDRAM.cfg,sweep_out/tmp_cfgs/tmp__sample_3D_eDRAM__sample_3D_eDRAM__32KB__WriteDynamicEnergy.cfg,32,KB,sample_3D_eDRAM.cell,sample_3D_eDRAM.cell,Cache,Write Energy,WriteDynamicEnergy,0.619,0.53,0.148,16,12,60446,ok,0,sweep_out/logs/tmp__sample_3D_eDRAM__sample_3D_eDRAM__32KB__WriteDynamicEnergy.cfg.txt,50.0
sample_3D_eDRAM.cfg,sweep_out/tmp_cfgs/tmp__sample_3D_eDRAM__sample_3D_eDRAM__64KB__WriteDynamicEnergy.cfg,64,KB,sample_3D_eDRAM.cell,sample_3D_eDRAM.cell,Cache,Write Energy,WriteDynamicEnergy,0.566,0.52,0.196,16,13,145437,ok,0,sweep_out/logs/tmp__sample_3D_eDRAM__sample_3D_eDRAM__64KB__WriteDynamicEnergy.cfg.txt,98.0
sample_3D_eDRAM.cfg,sweep_out/tmp_cfgs/tmp__sample_3D_eDRAM__sample_3D_eDRAM__128KB__WriteDynamicEnergy.cfg,128,KB,sample_3D_eDRAM.cell,sample_3D_eDRAM.cell,Cache,Write Energy,WriteDynamicEnergy,0.592,0.535,0.202,17,14,131383,ok,0,sweep_out/logs/tmp__sample_3D_eDRAM__sample_3D_eDRAM__128KB__WriteDynamicEnergy.cfg.txt,192.0
sample_3D_eDRAM.cfg,sweep_out/tmp_cfgs/tmp__sample_3D_eDRAM__sample_3D_eDRAM__256KB__WriteDynamicEnergy.cfg,256,KB,sample_3D_eDRAM.cell,sample_3D_eDRAM.cell,Cache,Write Energy,WriteDynamicEnergy,0.603,0.54,0.233,20,16,151641,ok,0,sweep_out/logs/tmp__sample_3D_eDRAM__sample_3D_eDRAM__256KB__WriteDynamicEnergy.cfg.txt,406.0
sample_3D_eDRAM.cfg,sweep_out/tmp_cfgs/tmp__sample_3D_eDRAM__sample_3D_eDRAM__512KB__WriteDynamicEnergy.cfg,512,KB,sample_3D_eDRAM.cell,sample_3D_eDRAM.cell,Cache,Write Energy,WriteDynamicEnergy,0.617,0.554,0.313,20,16,211639,ok,0,sweep_out/logs/tmp__sample_3D_eDRAM__sample_3D_eDRAM__512KB__WriteDynamicEnergy.cfg.txt,812.0
sample_3D_eDRAM.cfg,sweep_out/tmp_cfgs/tmp__sample_3D_eDRAM__sample_3D_eDRAM__1024KB__WriteDynamicEnergy.cfg,1024,KB,sample_3D_eDRAM.cell,sample_3D_eDRAM.cell,Cache,Write Energy,WriteDynamicEnergy,0.683,0.591,0.435,26,21,279890,ok,0,sweep_out/logs/tmp__sample_3D_eDRAM__sample_3D_eDRAM__1024KB__WriteDynamicEnergy.cfg.txt,2337.0
sample_2DReRAM.cfg,sweep_out/tmp_cfgs/tmp__sample_2DReRAM__sample_RRAM__1MB__WriteEDP.cfg,1,MB,sample_RRAM.cell,sample_RRAM.cell,Random Access Memory,Write Energy-Delay-Product,WriteEDP,10.491,18.111,2.125,71.831,103.051,955.925,ok,0,sweep_out/logs/tmp__sample_2DReRAM__sample_RRAM__1MB__WriteEDP.cfg.txt,
sample_2DReRAM.cfg,sweep_out/tmp_cfgs/tmp__sample_2DReRAM__sample_RRAM__2MB__WriteEDP.cfg,2,MB,sample_RRAM.cell,sample_RRAM.cell,Random Access Memory,Write Energy-Delay-Product,WriteEDP,2.436,10.358,4.937,162.18,231.469,3777,ok,0,sweep_out/logs/tmp__sample_2DReRAM__sample_RRAM__2MB__WriteEDP.cfg.txt,
sample_2DReRAM.cfg,sweep_out/tmp_cfgs/tmp__sample_2DReRAM__sample_RRAM__4MB__WriteEDP.cfg,4,MB,sample_RRAM.cell,sample_RRAM.cell,Random Access Memory,Write Energy-Delay-Product,WriteEDP,3.682,11.512,7.235,224.156,279.391,4487,ok,0,sweep_out/logs/tmp__sample_2DReRAM__sample_RRAM__4MB__WriteEDP.cfg.txt,
sample_2DReRAM.cfg,sweep_out/tmp_cfgs/tmp__sample_2DReRAM__sample_RRAM__8MB__WriteEDP.cfg,8,MB,sample_RRAM.cell,sample_RRAM.cell,Random Access Memory,Write Energy-Delay-Product,WriteEDP,3.828,11.585,14.469,322.16,377.396,8974,ok,0,sweep_out/logs/tmp__sample_2DReRAM__sample_RRAM__8MB__WriteEDP.cfg.txt,
sample_2DReRAM.cfg,sweep_out/tmp_cfgs/tmp__sample_2DReRAM__sample_RRAM__1MB__ReadLatency.cfg,1,MB,sample_RRAM.cell,sample_RRAM.cell,Random Access Memory,Read Latency,ReadLatency,1.376,8.788,8.275,718.717,731.396,14747,ok,0,sweep_out/logs/tmp__sample_2DReRAM__sample_RRAM__1MB__ReadLatency.cfg.txt,
sample_2DReRAM.cfg,sweep_out/tmp_cfgs/tmp__sample_2DReRAM__sample_RRAM__2MB__ReadLatency.cfg,2,MB,sample_RRAM.cell,sample_RRAM.cell,Random Access Memory,Read Latency,ReadLatency,1.518,9.331,8.839,1056,1107,33098,ok,0,sweep_out/logs/tmp__sample_2DReRAM__sample_RRAM__2MB__ReadLatency.cfg.txt,
sample_2DReRAM.cfg,sweep_out/tmp_cfgs/tmp__sample_2DReRAM__sample_RRAM__4MB__ReadLatency.cfg,4,MB,sample_RRAM.cell,sample_RRAM.cell,Random Access Memory,Read Latency,ReadLatency,1.713,9.428,17.679,1208,1260,66195,ok,0,sweep_out/logs/tmp__sample_2DReRAM__sample_RRAM__4MB__ReadLatency.cfg.txt,
sample_2DReRAM.cfg,sweep_out/tmp_cfgs/tmp__sample_2DReRAM__sample_RRAM__8MB__ReadLatency.cfg,8,MB,sample_RRAM.cell,sample_RRAM.cell,Random Access Memory,Read Latency,ReadLatency,1.976,10.169,29.286,1822,1924,129681,ok,0,sweep_out/logs/tmp__sample_2DReRAM__sample_RRAM__8MB__ReadLatency.cfg.txt,
sample_2DReRAM.cfg,sweep_out/tmp_cfgs/tmp__sample_2DReRAM__sample_RRAM__1MB__WriteLatency.cfg,1,MB,sample_RRAM.cell,sample_RRAM.cell,Random Access Memory,Write Latency,WriteLatency,1.511,8.667,10.261,619.528,592.177,18181,ok,0,sweep_out/logs/tmp__sample_2DReRAM__sample_RRAM__1MB__WriteLatency.cfg.txt,
sample_2DReRAM.cfg,sweep_out/tmp_cfgs/tmp__sample_2DReRAM__sample_RRAM__2MB__WriteLatency.cfg,2,MB,sample_RRAM.cell,sample_RRAM.cell,Random Access Memory,Write Latency,WriteLatency,1.733,8.801,19.02,642.362,615.011,33632,ok,0,sweep_out/logs/tmp__sample_2DReRAM__sample_RRAM__2MB__WriteLatency.cfg.txt,
sample_2DReRAM.cfg,sweep_out/tmp_cfgs/tmp__sample_2DReRAM__sample_RRAM__4MB__WriteLatency.cfg,4,MB,sample_RRAM.cell,sample_RRAM.cell,Random Access Memory,Write Latency,WriteLatency,2.106,8.965,41.044,918.768,891.417,72724,ok,0,sweep_out/logs/tmp__sample_2DReRAM__sample_RRAM__4MB__WriteLatency.cfg.txt,
sample_2DReRAM.cfg,sweep_out/tmp_cfgs/tmp__sample_2DReRAM__sample_RRAM__8MB__WriteLatency.cfg,8,MB,sample_RRAM.cell,sample_RRAM.cell,Random Access Memory,Write Latency,WriteLatency,2.182,9.184,34.18,1064,1046,68703,ok,0,sweep_out/logs/tmp__sample_2DReRAM__sample_RRAM__8MB__WriteLatency.cfg.txt,
sample_2DReRAM.cfg,sweep_out/tmp_cfgs/tmp__sample_2DReRAM__sample_RRAM__1MB__ReadDynamicEnergy.cfg,1,MB,sample_RRAM.cell,sample_RRAM.cell,Random Access Memory,Read Energy,ReadDynamicEnergy,6.029,15.774,1.458,31.347,255.187,502.116,ok,0,sweep_out/logs/tmp__sample_2DReRAM__sample_RRAM__1MB__ReadDynamicEnergy.cfg.txt,
sample_2DReRAM.cfg,sweep_out/tmp_cfgs/tmp__sample_2DReRAM__sample_RRAM__2MB__ReadDynamicEnergy.cfg,2,MB,sample_RRAM.cell,sample_RRAM.cell,Random Access Memory,Read Energy,ReadDynamicEnergy,10.743,20.422,2.643,53.15,263.49,611.755,ok,0,sweep_out/logs/tmp__sample_2DReRAM__sample_RRAM__2MB__ReadDynamicEnergy.cfg.txt,
sample_2DReRAM.cfg,sweep_out/tmp_cfgs/tmp__sample_2DReRAM__sample_RRAM__4MB__ReadDynamicEnergy.cfg,4,MB,sample_RRAM.cell,sample_RRAM.cell,Random Access Memory,Read Energy,ReadDynamicEnergy,10.806,20.485,5.099,54.137,264.477,1052,ok,0,sweep_out/logs/tmp__sample_2DReRAM__sample_RRAM__4MB__ReadDynamicEnergy.cfg.txt,
sample_2DReRAM.cfg,sweep_out/tmp_cfgs/tmp__sample_2DReRAM__sample_RRAM__8MB__ReadDynamicEnergy.cfg,8,MB,sample_RRAM.cell,sample_RRAM.cell,Random Access Memory,Read Energy,ReadDynamicEnergy,20.467,30.011,9.654,97.614,280.954,1398,ok,0,sweep_out/logs/tmp__sample_2DReRAM__sample_RRAM__8MB__ReadDynamicEnergy.cfg.txt,
sample_2DReRAM.cfg,sweep_out/tmp_cfgs/tmp__sample_2DReRAM__sample_RRAM__1MB__WriteDynamicEnergy.cfg,1,MB,sample_RRAM.cell,sample_RRAM.cell,Random Access Memory,Write Energy,WriteDynamicEnergy,20.095,27.381,3.078,117.692,102.721,3032,ok,0,sweep_out/logs/tmp__sample_2DReRAM__sample_RRAM__1MB__WriteDynamicEnergy.cfg.txt,
sample_2DReRAM.cfg,sweep_out/tmp_cfgs/tmp__sample_2DReRAM__sample_RRAM__2MB__WriteDynamicEnergy.cfg,2,MB,sample_RRAM.cell,sample_RRAM.cell,Random Access Memory,Write Energy,WriteDynamicEnergy,20.152,27.639,3.244,111.579,115.8,1680,ok,0,sweep_out/logs/tmp__sample_2DReRAM__sample_RRAM__2MB__WriteDynamicEnergy.cfg.txt,
sample_2DReRAM.cfg,sweep_out/tmp_cfgs/tmp__sample_2DReRAM__sample_RRAM__4MB__WriteDynamicEnergy.cfg,4,MB,sample_RRAM.cell,sample_RRAM.cell,Random Access Memory,Write Energy,WriteDynamicEnergy,20.167,27.646,6.487,142.95,147.171,3361,ok,0,sweep_out/logs/tmp__sample_2DReRAM__sample_RRAM__4MB__WriteDynamicEnergy.cfg.txt,
sample_2DReRAM.cfg,sweep_out/tmp_cfgs/tmp__sample_2DReRAM__sample_RRAM__8MB__WriteDynamicEnergy.cfg,8,MB,sample_RRAM.cell,sample_RRAM.cell,Random Access Memory,Write Energy,WriteDynamicEnergy,40.365,47.439,13.184,240.602,177.891,11960,ok,0,sweep_out/logs/tmp__sample_2DReRAM__sample_RRAM__8MB__WriteDynamicEnergy.cfg.txt,
sample_3DReRAM.cfg,sweep_out/tmp_cfgs/tmp__sample_3DReRAM__sample_RRAM__1MB__WriteEDP.cfg,1,MB,sample_RRAM.cell,sample_RRAM.cell,Random Access Memory,Write Energy-Delay-Product,WriteEDP,2.597,10.525,3.589,150.509,219.797,2425,ok,0,sweep_out/logs/tmp__sample_3DReRAM__sample_RRAM__1MB__WriteEDP.cfg.txt,
sample_3DReRAM.cfg,sweep_out/tmp_cfgs/tmp__sample_3DReRAM__sample_RRAM__2MB__WriteEDP.cfg,2,MB,sample_RRAM.cell,sample_RRAM.cell,Random Access Memory,Write Energy-Delay-Product,WriteEDP,4.007,11.862,4.764,190.679,245.915,3142,ok,0,sweep_out/logs/tmp__sample_3DReRAM__sample_RRAM__2MB__WriteEDP.cfg.txt,
sample_3DReRAM.cfg,sweep_out/tmp_cfgs/tmp__sample_3DReRAM__sample_RRAM__4MB__WriteEDP.cfg,4,MB,sample_RRAM.cell,sample_RRAM.cell,Random Access Memory,Write Energy-Delay-Product,WriteEDP,4.195,11.883,7.678,306.039,332.178,6295,ok,0,sweep_out/logs/tmp__sample_3DReRAM__sample_RRAM__4MB__WriteEDP.cfg.txt,
sample_3DReRAM.cfg,sweep_out/tmp_cfgs/tmp__sample_3DReRAM__sample_RRAM__8MB__WriteEDP.cfg,8,MB,sample_RRAM.cell,sample_RRAM.cell,Random Access Memory,Write Energy-Delay-Product,WriteEDP,4.274,11.995,19.057,377.018,432.254,12568,ok,0,sweep_out/logs/tmp__sample_3DReRAM__sample_RRAM__8MB__WriteEDP.cfg.txt,
sample_3DReRAM.cfg,sweep_out/tmp_cfgs/tmp__sample_3DReRAM__sample_RRAM__1MB__ReadLatency.cfg,1,MB,sample_RRAM.cell,sample_RRAM.cell,Random Access Memory,Read Latency,ReadLatency,1.404,8.949,8.275,720.933,746.406,14747,ok,0,sweep_out/logs/tmp__sample_3DReRAM__sample_RRAM__1MB__ReadLatency.cfg.txt,
sample_3DReRAM.cfg,sweep_out/tmp_cfgs/tmp__sample_3DReRAM__sample_RRAM__2MB__ReadLatency.cfg,2,MB,sample_RRAM.cell,sample_RRAM.cell,Random Access Memory,Read Latency,ReadLatency,1.583,9.963,8.839,1058,1160,33098,ok,0,sweep_out/logs/tmp__sample_3DReRAM__sample_RRAM__2MB__ReadLatency.cfg.txt,
sample_3DReRAM.cfg,sweep_out/tmp_cfgs/tmp__sample_3DReRAM__sample_RRAM__4MB__ReadLatency.cfg,4,MB,sample_RRAM.cell,sample_RRAM.cell,Random Access Memory,Read Latency,ReadLatency,1.763,9.445,22.692,1090,1141,50904,ok,0,sweep_out/logs/tmp__sample_3DReRAM__sample_RRAM__4MB__ReadLatency.cfg.txt,
sample_3DReRAM.cfg,sweep_out/tmp_cfgs/tmp__sample_3DReRAM__sample_RRAM__8MB__ReadLatency.cfg,8,MB,sample_RRAM.cell,sample_RRAM.cell,Random Access Memory,Read Latency,ReadLatency,2.086,10.237,33.378,1219,1322,116747,ok,0,sweep_out/logs/tmp__sample_3DReRAM__sample_RRAM__8MB__ReadLatency.cfg.txt,
sample_3DReRAM.cfg,sweep_out/tmp_cfgs/tmp__sample_3DReRAM__sample_RRAM__1MB__WriteLatency.cfg,1,MB,sample_RRAM.cell,sample_RRAM.cell,Random Access Memory,Write Latency,WriteLatency,1.527,8.73,23.184,788.654,794.935,26180,ok,0,sweep_out/logs/tmp__sample_3DReRAM__sample_RRAM__1MB__WriteLatency.cfg.txt,
sample_3DReRAM.cfg,sweep_out/tmp_cfgs/tmp__sample_3DReRAM__sample_RRAM__2MB__WriteLatency.cfg,2,MB,sample_RRAM.cell,sample_RRAM.cell,Random Access Memory,Write Latency,WriteLatency,1.782,8.883,19.02,646.794,622.641,33632,ok,0,sweep_out/logs/tmp__sample_3DReRAM__sample_RRAM__2MB__WriteLatency.cfg.txt,
sample_3DReRAM.cfg,sweep_out/tmp_cfgs/tmp__sample_3DReRAM__sample_RRAM__4MB__WriteLatency.cfg,4,MB,sample_RRAM.cell,sample_RRAM.cell,Random Access Memory,Write Latency,WriteLatency,2.155,9.047,41.044,923.2,899.048,72724,ok,0,sweep_out/logs/tmp__sample_3DReRAM__sample_RRAM__4MB__WriteLatency.cfg.txt,
sample_3DReRAM.cfg,sweep_out/tmp_cfgs/tmp__sample_3DReRAM__sample_RRAM__8MB__WriteLatency.cfg,8,MB,sample_RRAM.cell,sample_RRAM.cell,Random Access Memory,Write Latency,WriteLatency,2.454,9.335,50.907,1062,1044,96182,ok,0,sweep_out/logs/tmp__sample_3DReRAM__sample_RRAM__8MB__WriteLatency.cfg.txt,
sample_3DReRAM.cfg,sweep_out/tmp_cfgs/tmp__sample_3DReRAM__sample_RRAM__1MB__ReadDynamicEnergy.cfg,1,MB,sample_RRAM.cell,sample_RRAM.cell,Random Access Memory,Read Energy,ReadDynamicEnergy,7.494,19.99,1.458,32.456,461.005,502.116,ok,0,sweep_out/logs/tmp__sample_3DReRAM__sample_RRAM__1MB__ReadDynamicEnergy.cfg.txt,
sample_3DReRAM.cfg,sweep_out/tmp_cfgs/tmp__sample_3DReRAM__sample_RRAM__2MB__ReadDynamicEnergy.cfg,2,MB,sample_RRAM.cell,sample_RRAM.cell,Random Access Memory,Read Energy,ReadDynamicEnergy,13.133,25.562,2.643,55.367,470.415,611.755,ok,0,sweep_out/logs/tmp__sample_3DReRAM__sample_RRAM__2MB__ReadDynamicEnergy.cfg.txt,
sample_3DReRAM.cfg,sweep_out/tmp_cfgs/tmp__sample_3DReRAM__sample_RRAM__4MB__ReadDynamicEnergy.cfg,4,MB,sample_RRAM.cell,sample_RRAM.cell,Random Access Memory,Read Energy,ReadDynamicEnergy,13.196,25.625,5.099,56.354,471.402,1052,ok,0,sweep_out/logs/tmp__sample_3DReRAM__sample_RRAM__4MB__ReadDynamicEnergy.cfg.txt,
sample_3DReRAM.cfg,sweep_out/tmp_cfgs/tmp__sample_3DReRAM__sample_RRAM__8MB__ReadDynamicEnergy.cfg,8,MB,sample_RRAM.cell,sample_RRAM.cell,Random Access Memory,Read Energy,ReadDynamicEnergy,25.015,37.309,9.654,102.049,490.095,1398,ok,0,sweep_out/logs/tmp__sample_3DReRAM__sample_RRAM__8MB__ReadDynamicEnergy.cfg.txt,
sample_3DReRAM.cfg,sweep_out/tmp_cfgs/tmp__sample_3DReRAM__sample_RRAM__1MB__WriteDynamicEnergy.cfg,1,MB,sample_RRAM.cell,sample_RRAM.cell,Random Access Memory,Write Energy,WriteDynamicEnergy,24,31.352,3.078,122.124,113.55,3032,ok,0,sweep_out/logs/tmp__sample_3DReRAM__sample_RRAM__1MB__WriteDynamicEnergy.cfg.txt,
sample_3DReRAM.cfg,sweep_out/tmp_cfgs/tmp__sample_3DReRAM__sample_RRAM__2MB__WriteDynamicEnergy.cfg,2,MB,sample_RRAM.cell,sample_RRAM.cell,Random Access Memory,Write Energy,WriteDynamicEnergy,24.01,31.495,4.211,130.539,134.76,3142,ok,0,sweep_out/logs/tmp__sample_3DReRAM__sample_RRAM__2MB__WriteDynamicEnergy.cfg.txt,
sample_3DReRAM.cfg,sweep_out/tmp_cfgs/tmp__sample_3DReRAM__sample_RRAM__4MB__WriteDynamicEnergy.cfg,4,MB,sample_RRAM.cell,sample_RRAM.cell,Random Access Memory,Write Energy,WriteDynamicEnergy,24.037,31.508,8.422,171.456,175.677,6284,ok,0,sweep_out/logs/tmp__sample_3DReRAM__sample_RRAM__4MB__WriteDynamicEnergy.cfg.txt,
sample_3DReRAM.cfg,sweep_out/tmp_cfgs/tmp__sample_3DReRAM__sample_RRAM__8MB__WriteDynamicEnergy.cfg,8,MB,sample_RRAM.cell,sample_RRAM.cell,Random Access Memory,Write Energy,WriteDynamicEnergy,49.816,57.025,13.184,249.466,199.549,11960,ok,0,sweep_out/logs/tmp__sample_3DReRAM__sample_RRAM__8MB__WriteDynamicEnergy.cfg.txt,
sample_PCRAM.cfg,sweep_out/tmp_cfgs/tmp__sample_PCRAM__sample_PCRAM__1MB__WriteEDP.cfg,1,MB,sample_PCRAM.cell,sample_PCRAM.cell,Cache,Write Energy-Delay-Product,WriteEDP,0.978,150.49,0.108,108,5079,157373,ok,0,sweep_out/logs/tmp__sample_PCRAM__sample_PCRAM__1MB__WriteEDP.cfg.txt,
sample_PCRAM.cfg,sweep_out/tmp_cfgs/tmp__sample_PCRAM__sample_PCRAM__2MB__WriteEDP.cfg,2,MB,sample_PCRAM.cell,sample_PCRAM.cell,Cache,Write Energy-Delay-Product,WriteEDP,0.985,150.493,0.203,115,4985,293100,ok,0,sweep_out/logs/tmp__sample_PCRAM__sample_PCRAM__2MB__WriteEDP.cfg.txt,
sample_PCRAM.cfg,sweep_out/tmp_cfgs/tmp__sample_PCRAM__sample_PCRAM__4MB__WriteEDP.cfg,4,MB,sample_PCRAM.cell,sample_PCRAM.cell,Cache,Write Energy-Delay-Product,WriteEDP,2.681,151.344,0.297,120,4886,351110,ok,0,sweep_out/logs/tmp__sample_PCRAM__sample_PCRAM__4MB__WriteEDP.cfg.txt,
sample_PCRAM.cfg,sweep_out/tmp_cfgs/tmp__sample_PCRAM__sample_PCRAM__8MB__WriteEDP.cfg,8,MB,sample_PCRAM.cell,sample_PCRAM.cell,Cache,Write Energy-Delay-Product,WriteEDP,2.707,151.357,0.565,134,4799,636852,ok,0,sweep_out/logs/tmp__sample_PCRAM__sample_PCRAM__8MB__WriteEDP.cfg.txt,
sample_PCRAM.cfg,sweep_out/tmp_cfgs/tmp__sample_PCRAM__sample_PCRAM__1MB__ReadLatency.cfg,1,MB,sample_PCRAM.cell,sample_PCRAM.cell,Cache,Read Latency,ReadLatency,0.264,150.111,0.36,151,6601,303768,ok,0,sweep_out/logs/tmp__sample_PCRAM__sample_PCRAM__1MB__ReadLatency.cfg.txt,
sample_PCRAM.cfg,sweep_out/tmp_cfgs/tmp__sample_PCRAM__sample_PCRAM__2MB__ReadLatency.cfg,2,MB,sample_PCRAM.cell,sample_PCRAM.cell,Cache,Read Latency,ReadLatency,0.329,150.141,0.637,153,5793,546349,ok,0,sweep_out/logs/tmp__sample_PCRAM__sample_PCRAM__2MB__ReadLatency.cfg.txt,
sample_PCRAM.cfg,sweep_out/tmp_cfgs/tmp__sample_PCRAM__sample_PCRAM__4MB__ReadLatency.cfg,4,MB,sample_PCRAM.cell,sample_PCRAM.cell,Cache,Read Latency,ReadLatency,0.396,150.204,0.968,169,5000,1.17514e+06,ok,0,sweep_out/logs/tmp__sample_PCRAM__sample_PCRAM__4MB__ReadLatency.cfg.txt,
sample_PCRAM.cfg,sweep_out/tmp_cfgs/tmp__sample_PCRAM__sample_PCRAM__8MB__ReadLatency.cfg,8,MB,sample_PCRAM.cell,sample_PCRAM.cell,Cache,Read Latency,ReadLatency,0.555,150.267,1.585,321,5081,2.34137e+06,ok,0,sweep_out/logs/tmp__sample_PCRAM__sample_PCRAM__8MB__ReadLatency.cfg.txt,
sample_PCRAM.cfg,sweep_out/tmp_cfgs/tmp__sample_PCRAM__sample_PCRAM__1MB__WriteLatency.cfg,1,MB,sample_PCRAM.cell,sample_PCRAM.cell,Cache,Write Latency,WriteLatency,0.269,150.111,0.457,182,6633,378243,ok,0,sweep_out/logs/tmp__sample_PCRAM__sample_PCRAM__1MB__WriteLatency.cfg.txt,
sample_PCRAM.cfg,sweep_out/tmp_cfgs/tmp__sample_PCRAM__sample_PCRAM__2MB__WriteLatency.cfg,2,MB,sample_PCRAM.cell,sample_PCRAM.cell,Cache,Write Latency,WriteLatency,0.349,150.128,0.915,243,6693,756485,ok,0,sweep_out/logs/tmp__sample_PCRAM__sample_PCRAM__2MB__WriteLatency.cfg.txt,
sample_PCRAM.cfg,sweep_out/tmp_cfgs/tmp__sample_PCRAM__sample_PCRAM__4MB__WriteLatency.cfg,4,MB,sample_PCRAM.cell,sample_PCRAM.cell,Cache,Write Latency,WriteLatency,0.411,150.181,1.26,275,5079,1.05734e+06,ok,0,sweep_out/logs/tmp__sample_PCRAM__sample_PCRAM__4MB__WriteLatency.cfg.txt,
sample_PCRAM.cfg,sweep_out/tmp_cfgs/tmp__sample_PCRAM__sample_PCRAM__8MB__WriteLatency.cfg,8,MB,sample_PCRAM.cell,sample_PCRAM.cell,Cache,Write Latency,WriteLatency,0.604,150.261,2.049,416,5176,1.97217e+06,ok,0,sweep_out/logs/tmp__sample_PCRAM__sample_PCRAM__8MB__WriteLatency.cfg.txt,
sample_PCRAM.cfg,sweep_out/tmp_cfgs/tmp__sample_PCRAM__sample_PCRAM__1MB__ReadDynamicEnergy.cfg,1,MB,sample_PCRAM.cell,sample_PCRAM.cell,Cache,Read Energy,ReadDynamicEnergy,9.115,154.581,0.165,32,5082,102477,ok,0,sweep_out/logs/tmp__sample_PCRAM__sample_PCRAM__1MB__ReadDynamicEnergy.cfg.txt,
sample_PCRAM.cfg,sweep_out/tmp_cfgs/tmp__sample_PCRAM__sample_PCRAM__2MB__ReadDynamicEnergy.cfg,2,MB,sample_PCRAM.cell,sample_PCRAM.cell,Cache,Read Energy,ReadDynamicEnergy,9.138,154.6,0.328,32,4981,204317,ok,0,sweep_out/logs/tmp__sample_PCRAM__sample_PCRAM__2MB__ReadDynamicEnergy.cfg.txt,
sample_PCRAM.cfg,sweep_out/tmp_cfgs/tmp__sample_PCRAM__sample_PCRAM__4MB__ReadDynamicEnergy.cfg,4,MB,sample_PCRAM.cell,sample_PCRAM.cell,Cache,Read Energy,ReadDynamicEnergy,9.151,154.605,0.422,41,4883,264546,ok,0,sweep_out/logs/tmp__sample_PCRAM__sample_PCRAM__4MB__ReadDynamicEnergy.cfg.txt,
sample_PCRAM.cfg,sweep_out/tmp_cfgs/tmp__sample_PCRAM__sample_PCRAM__8MB__ReadDynamicEnergy.cfg,8,MB,sample_PCRAM.cell,sample_PCRAM.cell,Cache,Read Energy,ReadDynamicEnergy,9.174,154.616,0.808,56,4796,489688,ok,0,sweep_out/logs/tmp__sample_PCRAM__sample_PCRAM__8MB__ReadDynamicEnergy.cfg.txt,
sample_PCRAM.cfg,sweep_out/tmp_cfgs/tmp__sample_PCRAM__sample_PCRAM__1MB__WriteDynamicEnergy.cfg,1,MB,sample_PCRAM.cell,sample_PCRAM.cell,Cache,Write Energy,WriteDynamicEnergy,9.122,154.583,0.107,34,5078,66350,ok,0,sweep_out/logs/tmp__sample_PCRAM__sample_PCRAM__1MB__WriteDynamicEnergy.cfg.txt,
sample_PCRAM.cfg,sweep_out/tmp_cfgs/tmp__sample_PCRAM__sample_PCRAM__2MB__WriteDynamicEnergy.cfg,2,MB,sample_PCRAM.cell,sample_PCRAM.cell,Cache,Write Energy,WriteDynamicEnergy,9.245,154.624,0.117,108,4977,76275,ok,0,sweep_out/logs/tmp__sample_PCRAM__sample_PCRAM__2MB__WriteDynamicEnergy.cfg.txt,
sample_PCRAM.cfg,sweep_out/tmp_cfgs/tmp__sample_PCRAM__sample_PCRAM__4MB__WriteDynamicEnergy.cfg,4,MB,sample_PCRAM.cell,sample_PCRAM.cell,Cache,Write Energy,WriteDynamicEnergy,9.151,154.605,0.405,42,4883,244768,ok,0,sweep_out/logs/tmp__sample_PCRAM__sample_PCRAM__4MB__WriteDynamicEnergy.cfg.txt,
sample_PCRAM.cfg,sweep_out/tmp_cfgs/tmp__sample_PCRAM__sample_PCRAM__8MB__WriteDynamicEnergy.cfg,8,MB,sample_PCRAM.cell,sample_PCRAM.cell,Cache,Write Energy,WriteDynamicEnergy,11.967,156.992,0.454,120,4783,293714,ok,0,sweep_out/logs/tmp__sample_PCRAM__sample_PCRAM__8MB__WriteDynamicEnergy.cfg.txt,
sample_STTRAM.cfg,sweep_out/tmp_cfgs/tmp__sample_STTRAM__sample_STTRAM__1MB__WriteEDP.cfg,1,MB,sample_STTRAM.cell,sample_STTRAM.cell,Cache,Write Energy-Delay-Product,WriteEDP,4.109,6.284,0.594,325,29,81008,ok,0,sweep_out/logs/tmp__sample_STTRAM__sample_STTRAM__1MB__WriteEDP.cfg.txt,
sample_STTRAM.cfg,sweep_out/tmp_cfgs/tmp__sample_STTRAM__sample_STTRAM__2MB__WriteEDP.cfg,2,MB,sample_STTRAM.cell,sample_STTRAM.cell,Cache,Write Energy-Delay-Product,WriteEDP,4.116,6.284,0.671,339,44,158327,ok,0,sweep_out/logs/tmp__sample_STTRAM__sample_STTRAM__2MB__WriteEDP.cfg.txt,
sample_STTRAM.cfg,sweep_out/tmp_cfgs/tmp__sample_STTRAM__sample_STTRAM__4MB__WriteEDP.cfg,4,MB,sample_STTRAM.cell,sample_STTRAM.cell,Cache,Write Energy-Delay-Product,WriteEDP,4.152,6.302,0.799,290,61,323670,ok,0,sweep_out/logs/tmp__sample_STTRAM__sample_STTRAM__4MB__WriteEDP.cfg.txt,
sample_STTRAM.cfg,sweep_out/tmp_cfgs/tmp__sample_STTRAM__sample_STTRAM__8MB__WriteEDP.cfg,8,MB,sample_STTRAM.cell,sample_STTRAM.cell,Cache,Write Energy-Delay-Product,WriteEDP,4.226,6.34,1.134,336,93,636457,ok,0,sweep_out/logs/tmp__sample_STTRAM__sample_STTRAM__8MB__WriteEDP.cfg.txt,
sample_STTRAM.cfg,sweep_out/tmp_cfgs/tmp__sample_STTRAM__sample_STTRAM__1MB__ReadLatency.cfg,1,MB,sample_STTRAM.cell,sample_STTRAM.cell,Cache,Read Latency,ReadLatency,1.528,4.504,0.742,540,206,795805,ok,0,sweep_out/logs/tmp__sample_STTRAM__sample_STTRAM__1MB__ReadLatency.cfg.txt,
sample_STTRAM.cfg,sweep_out/tmp_cfgs/tmp__sample_STTRAM__sample_STTRAM__2MB__ReadLatency.cfg,2,MB,sample_STTRAM.cell,sample_STTRAM.cell,Cache,Read Latency,ReadLatency,1.608,4.524,0.954,645,282,1.04658e+06,ok,0,sweep_out/logs/tmp__sample_STTRAM__sample_STTRAM__2MB__ReadLatency.cfg.txt,
sample_STTRAM.cfg,sweep_out/tmp_cfgs/tmp__sample_STTRAM__sample_STTRAM__4MB__ReadLatency.cfg,4,MB,sample_STTRAM.cell,sample_STTRAM.cell,Cache,Read Latency,ReadLatency,1.66,4.574,1.334,594,309,1.89848e+06,ok,0,sweep_out/logs/tmp__sample_STTRAM__sample_STTRAM__4MB__ReadLatency.cfg.txt,
sample_STTRAM.cfg,sweep_out/tmp_cfgs/tmp__sample_STTRAM__sample_STTRAM__8MB__ReadLatency.cfg,8,MB,sample_STTRAM.cell,sample_STTRAM.cell,Cache,Read Latency,ReadLatency,1.892,4.666,2.467,574,294,2.7151e+06,ok,0,sweep_out/logs/tmp__sample_STTRAM__sample_STTRAM__8MB__ReadLatency.cfg.txt,
sample_STTRAM.cfg,sweep_out/tmp_cfgs/tmp__sample_STTRAM__sample_STTRAM__1MB__WriteLatency.cfg,1,MB,sample_STTRAM.cell,sample_STTRAM.cell,Cache,Write Latency,WriteLatency,1.698,4.25,1.747,721,361,1.00593e+06,ok,0,sweep_out/logs/tmp__sample_STTRAM__sample_STTRAM__1MB__WriteLatency.cfg.txt,
sample_STTRAM.cfg,sweep_out/tmp_cfgs/tmp__sample_STTRAM__sample_STTRAM__2MB__WriteLatency.cfg,2,MB,sample_STTRAM.cell,sample_STTRAM.cell,Cache,Write Latency,WriteLatency,1.697,4.343,1.44,793,383,1.43586e+06,ok,0,sweep_out/logs/tmp__sample_STTRAM__sample_STTRAM__2MB__WriteLatency.cfg.txt,
sample_STTRAM.cfg,sweep_out/tmp_cfgs/tmp__sample_STTRAM__sample_STTRAM__4MB__WriteLatency.cfg,4,MB,sample_STTRAM.cell,sample_STTRAM.cell,Cache,Write Latency,WriteLatency,1.817,4.412,2.149,794,464,2.69629e+06,ok,0,sweep_out/logs/tmp__sample_STTRAM__sample_STTRAM__4MB__WriteLatency.cfg.txt,
sample_STTRAM.cfg,sweep_out/tmp_cfgs/tmp__sample_STTRAM__sample_STTRAM__8MB__WriteLatency.cfg,8,MB,sample_STTRAM.cell,sample_STTRAM.cell,Cache,Write Latency,WriteLatency,1.943,4.506,2.716,816,486,3.80242e+06,ok,0,sweep_out/logs/tmp__sample_STTRAM__sample_STTRAM__8MB__WriteLatency.cfg.txt,
sample_STTRAM.cfg,sweep_out/tmp_cfgs/tmp__sample_STTRAM__sample_STTRAM__1MB__ReadDynamicEnergy.cfg,1,MB,sample_STTRAM.cell,sample_STTRAM.cell,Cache,Read Energy,ReadDynamicEnergy,11.171,11.826,0.315,253,29,36251,ok,0,sweep_out/logs/tmp__sample_STTRAM__sample_STTRAM__1MB__ReadDynamicEnergy.cfg.txt,
sample_STTRAM.cfg,sweep_out/tmp_cfgs/tmp__sample_STTRAM__sample_STTRAM__2MB__ReadDynamicEnergy.cfg,2,MB,sample_STTRAM.cell,sample_STTRAM.cell,Cache,Read Energy,ReadDynamicEnergy,11.192,11.842,0.505,251,32,69488,ok,0,sweep_out/logs/tmp__sample_STTRAM__sample_STTRAM__2MB__ReadDynamicEnergy.cfg.txt,
sample_STTRAM.cfg,sweep_out/tmp_cfgs/tmp__sample_STTRAM__sample_STTRAM__4MB__ReadDynamicEnergy.cfg,4,MB,sample_STTRAM.cell,sample_STTRAM.cell,Cache,Read Energy,ReadDynamicEnergy,11.212,11.852,0.888,262,51,136021,ok,0,sweep_out/logs/tmp__sample_STTRAM__sample_STTRAM__4MB__ReadDynamicEnergy.cfg.txt,
sample_STTRAM.cfg,sweep_out/tmp_cfgs/tmp__sample_STTRAM__sample_STTRAM__8MB__ReadDynamicEnergy.cfg,8,MB,sample_STTRAM.cell,sample_STTRAM.cell,Cache,Read Energy,ReadDynamicEnergy,38.949,34.36,1.603,272,58,204071,ok,0,sweep_out/logs/tmp__sample_STTRAM__sample_STTRAM__8MB__ReadDynamicEnergy.cfg.txt,
sample_STTRAM.cfg,sweep_out/tmp_cfgs/tmp__sample_STTRAM__sample_STTRAM__1MB__WriteDynamicEnergy.cfg,1,MB,sample_STTRAM.cell,sample_STTRAM.cell,Cache,Write Energy,WriteDynamicEnergy,14.38,15.327,0.668,467,28,39252,ok,0,sweep_out/logs/tmp__sample_STTRAM__sample_STTRAM__1MB__WriteDynamicEnergy.cfg.txt,
sample_STTRAM.cfg,sweep_out/tmp_cfgs/tmp__sample_STTRAM__sample_STTRAM__2MB__WriteDynamicEnergy.cfg,2,MB,sample_STTRAM.cell,sample_STTRAM.cell,Cache,Write Energy,WriteDynamicEnergy,28.739,29.68,1.297,733,29,77030,ok,0,sweep_out/logs/tmp__sample_STTRAM__sample_STTRAM__2MB__WriteDynamicEnergy.cfg.txt,
sample_STTRAM.cfg,sweep_out/tmp_cfgs/tmp__sample_STTRAM__sample_STTRAM__4MB__WriteDynamicEnergy.cfg,4,MB,sample_STTRAM.cell,sample_STTRAM.cell,Cache,Write Energy,WriteDynamicEnergy,38.94,34.358,1.437,398,41,116004,ok,0,sweep_out/logs/tmp__sample_STTRAM__sample_STTRAM__4MB__WriteDynamicEnergy.cfg.txt,
sample_STTRAM.cfg,sweep_out/tmp_cfgs/tmp__sample_STTRAM__sample_STTRAM__8MB__WriteDynamicEnergy.cfg,8,MB,sample_STTRAM.cell,sample_STTRAM.cell,Cache,Write Energy,WriteDynamicEnergy,39.193,34.363,1.683,403,47,190030,ok,0,sweep_out/logs/tmp__sample_STTRAM__sample_STTRAM__8MB__WriteDynamicEnergy.cfg.txt,
sample_SRAM_2layer.cfg,sweep_out/tmp_cfgs/tmp__sample_SRAM_2layer__sample_SRAM__1MB__WriteEDP.cfg,1,MB,sample_SRAM.cell,sample_SRAM.cell,Cache,Write Energy-Delay-Product,WriteEDP,3.886,2.938,3.57,78,24,73126,ok,0,sweep_out/logs/tmp__sample_SRAM_2layer__sample_SRAM__1MB__WriteEDP.cfg.txt,
sample_SRAM_2layer.cfg,sweep_out/tmp_cfgs/tmp__sample_SRAM_2layer__sample_SRAM__2MB__WriteEDP.cfg,2,MB,sample_SRAM.cell,sample_SRAM.cell,Cache,Write Energy-Delay-Product,WriteEDP,4.698,3.74,7.106,138,37,145831,ok,0,sweep_out/logs/tmp__sample_SRAM_2layer__sample_SRAM__2MB__WriteEDP.cfg.txt,
sample_SRAM_2layer.cfg,sweep_out/tmp_cfgs/tmp__sample_SRAM_2layer__sample_SRAM__4MB__WriteEDP.cfg,4,MB,sample_SRAM.cell,sample_SRAM.cell,Cache,Write Energy-Delay-Product,WriteEDP,9.942,7.213,13.687,261,43,272546,ok,0,sweep_out/logs/tmp__sample_SRAM_2layer__sample_SRAM__4MB__WriteEDP.cfg.txt,
sample_SRAM_2layer.cfg,sweep_out/tmp_cfgs/tmp__sample_SRAM_2layer__sample_SRAM__8MB__WriteEDP.cfg,8,MB,sample_SRAM.cell,sample_SRAM.cell,Cache,Write Energy-Delay-Product,WriteEDP,11.74,9,26.306,486,63,524254,ok,0,sweep_out/logs/tmp__sample_SRAM_2layer__sample_SRAM__8MB__WriteEDP.cfg.txt,
sample_SRAM_2layer.cfg,sweep_out/tmp_cfgs/tmp__sample_SRAM_2layer__sample_SRAM__1MB__ReadLatency.cfg,1,MB,sample_SRAM.cell,sample_SRAM.cell,Cache,Read Latency,ReadLatency,0.519,0.273,7.181,217,216,139934,ok,0,sweep_out/logs/tmp__sample_SRAM_2layer__sample_SRAM__1MB__ReadLatency.cfg.txt,
sample_SRAM_2layer.cfg,sweep_out/tmp_cfgs/tmp__sample_SRAM_2layer__sample_SRAM__2MB__ReadLatency.cfg,2,MB,sample_SRAM.cell,sample_SRAM.cell,Cache,Read Latency,ReadLatency,0.707,0.437,10.827,282,282,220509,ok,0,sweep_out/logs/tmp__sample_SRAM_2layer__sample_SRAM__2MB__ReadLatency.cfg.txt,
sample_SRAM_2layer.cfg,sweep_out/tmp_cfgs/tmp__sample_SRAM_2layer__sample_SRAM__4MB__ReadLatency.cfg,4,MB,sample_SRAM.cell,sample_SRAM.cell,Cache,Read Latency,ReadLatency,1.018,0.602,19.243,365,364,369720,ok,0,sweep_out/logs/tmp__sample_SRAM_2layer__sample_SRAM__4MB__ReadLatency.cfg.txt,
sample_SRAM_2layer.cfg,sweep_out/tmp_cfgs/tmp__sample_SRAM_2layer__sample_SRAM__8MB__ReadLatency.cfg,8,MB,sample_SRAM.cell,sample_SRAM.cell,Cache,Read Latency,ReadLatency,1.645,0.922,34.056,503,503,685508,ok,0,sweep_out/logs/tmp__sample_SRAM_2layer__sample_SRAM__8MB__ReadLatency.cfg.txt,
sample_SRAM_2layer.cfg,sweep_out/tmp_cfgs/tmp__sample_SRAM_2layer__sample_SRAM__1MB__WriteLatency.cfg,1,MB,sample_SRAM.cell,sample_SRAM.cell,Cache,Write Latency,WriteLatency,0.55,0.259,8.439,244,244,174878,ok,0,sweep_out/logs/tmp__sample_SRAM_2layer__sample_SRAM__1MB__WriteLatency.cfg.txt,
sample_SRAM_2layer.cfg,sweep_out/tmp_cfgs/tmp__sample_SRAM_2layer__sample_SRAM__2MB__WriteLatency.cfg,2,MB,sample_SRAM.cell,sample_SRAM.cell,Cache,Write Latency,WriteLatency,0.849,0.394,14.298,325,324,270785,ok,0,sweep_out/logs/tmp__sample_SRAM_2layer__sample_SRAM__2MB__WriteLatency.cfg.txt,
sample_SRAM_2layer.cfg,sweep_out/tmp_cfgs/tmp__sample_SRAM_2layer__sample_SRAM__4MB__WriteLatency.cfg,4,MB,sample_SRAM.cell,sample_SRAM.cell,Cache,Write Latency,WriteLatency,1.2,0.561,25.35,425,424,491237,ok,0,sweep_out/logs/tmp__sample_SRAM_2layer__sample_SRAM__4MB__WriteLatency.cfg.txt,
sample_SRAM_2layer.cfg,sweep_out/tmp_cfgs/tmp__sample_SRAM_2layer__sample_SRAM__8MB__WriteLatency.cfg,8,MB,sample_SRAM.cell,sample_SRAM.cell,Cache,Write Latency,WriteLatency,1.782,0.914,38.922,527,527,793702,ok,0,sweep_out/logs/tmp__sample_SRAM_2layer__sample_SRAM__8MB__WriteLatency.cfg.txt,
sample_SRAM_2layer.cfg,sweep_out/tmp_cfgs/tmp__sample_SRAM_2layer__sample_SRAM__1MB__ReadDynamicEnergy.cfg,1,MB,sample_SRAM.cell,sample_SRAM.cell,Cache,Read Energy,ReadDynamicEnergy,5.259,3.206,3.454,44,38,68592,ok,0,sweep_out/logs/tmp__sample_SRAM_2layer__sample_SRAM__1MB__ReadDynamicEnergy.cfg.txt,
sample_SRAM_2layer.cfg,sweep_out/tmp_cfgs/tmp__sample_SRAM_2layer__sample_SRAM__2MB__ReadDynamicEnergy.cfg,2,MB,sample_SRAM.cell,sample_SRAM.cell,Cache,Read Energy,ReadDynamicEnergy,8.236,4.422,11.38,70,63,201240,ok,0,sweep_out/logs/tmp__sample_SRAM_2layer__sample_SRAM__2MB__ReadDynamicEnergy.cfg.txt,
sample_SRAM_2layer.cfg,sweep_out/tmp_cfgs/tmp__sample_SRAM_2layer__sample_SRAM__4MB__ReadDynamicEnergy.cfg,4,MB,sample_SRAM.cell,sample_SRAM.cell,Cache,Read Energy,ReadDynamicEnergy,9.635,5.186,13.522,85,72,265738,ok,0,sweep_out/logs/tmp__sample_SRAM_2layer__sample_SRAM__4MB__ReadDynamicEnergy.cfg.txt,
sample_SRAM_2layer.cfg,sweep_out/tmp_cfgs/tmp__sample_SRAM_2layer__sample_SRAM__8MB__ReadDynamicEnergy.cfg,8,MB,sample_SRAM.cell,sample_SRAM.cell,Cache,Read Energy,ReadDynamicEnergy,23.217,13.898,44.556,134,120,788112,ok,0,sweep_out/logs/tmp__sample_SRAM_2layer__sample_SRAM__8MB__ReadDynamicEnergy.cfg.txt,
sample_SRAM_2layer.cfg,sweep_out/tmp_cfgs/tmp__sample_SRAM_2layer__sample_SRAM__1MB__WriteDynamicEnergy.cfg,1,MB,sample_SRAM.cell,sample_SRAM.cell,Cache,Write Energy,WriteDynamicEnergy,7.161,6.121,3.151,76,16,63172,ok,0,sweep_out/logs/tmp__sample_SRAM_2layer__sample_SRAM__1MB__WriteDynamicEnergy.cfg.txt,
sample_SRAM_2layer.cfg,sweep_out/tmp_cfgs/tmp__sample_SRAM_2layer__sample_SRAM__2MB__WriteDynamicEnergy.cfg,2,MB,sample_SRAM.cell,sample_SRAM.cell,Cache,Write Energy,WriteDynamicEnergy,7.732,6.681,6.234,137,23,125400,ok,0,sweep_out/logs/tmp__sample_SRAM_2layer__sample_SRAM__2MB__WriteDynamicEnergy.cfg.txt,
sample_SRAM_2layer.cfg,sweep_out/tmp_cfgs/tmp__sample_SRAM_2layer__sample_SRAM__4MB__WriteDynamicEnergy.cfg,4,MB,sample_SRAM.cell,sample_SRAM.cell,Cache,Write Energy,WriteDynamicEnergy,14.219,11.398,12.279,268,26,244547,ok,0,sweep_out/logs/tmp__sample_SRAM_2layer__sample_SRAM__4MB__WriteDynamicEnergy.cfg.txt,
sample_SRAM_2layer.cfg,sweep_out/tmp_cfgs/tmp__sample_SRAM_2layer__sample_SRAM__8MB__WriteDynamicEnergy.cfg,8,MB,sample_SRAM.cell,sample_SRAM.cell,Cache,Write Energy,WriteDynamicEnergy,15.268,12.438,24.39,509,41,486430,ok,0,sweep_out/logs/tmp__sample_SRAM_2layer__sample_SRAM__8MB__WriteDynamicEnergy.cfg.txt,
sample_SRAM_4layer.cfg,sweep_out/tmp_cfgs/tmp__sample_SRAM_4layer__sample_SRAM__1MB__WriteEDP.cfg,1,MB,sample_SRAM.cell,sample_SRAM.cell,Cache,Write Energy-Delay-Product,WriteEDP,0.434,0.286,5.635,326,325,137623,ok,0,sweep_out/logs/tmp__sample_SRAM_4layer__sample_SRAM__1MB__WriteEDP.cfg.txt,
sample_SRAM_4layer.cfg,sweep_out/tmp_cfgs/tmp__sample_SRAM_4layer__sample_SRAM__2MB__WriteEDP.cfg,2,MB,sample_SRAM.cell,sample_SRAM.cell,Cache,Write Energy-Delay-Product,WriteEDP,0.637,0.38,8.669,356,355,232393,ok,0,sweep_out/logs/tmp__sample_SRAM_4layer__sample_SRAM__2MB__WriteEDP.cfg.txt,
sample_SRAM_4layer.cfg,sweep_out/tmp_cfgs/tmp__sample_SRAM_4layer__sample_SRAM__4MB__WriteEDP.cfg,4,MB,sample_SRAM.cell,sample_SRAM.cell,Cache,Write Energy-Delay-Product,WriteEDP,0.918,0.622,9.89,357,356,395934,ok,0,sweep_out/logs/tmp__sample_SRAM_4layer__sample_SRAM__4MB__WriteEDP.cfg.txt,
sample_SRAM_4layer.cfg,sweep_out/tmp_cfgs/tmp__sample_SRAM_4layer__sample_SRAM__8MB__WriteEDP.cfg,8,MB,sample_SRAM.cell,sample_SRAM.cell,Cache,Write Energy-Delay-Product,WriteEDP,1.258,0.813,18.272,430,429,721386,ok,0,sweep_out/logs/tmp__sample_SRAM_4layer__sample_SRAM__8MB__WriteEDP.cfg.txt,
sample_SRAM_4layer.cfg,sweep_out/tmp_cfgs/tmp__sample_SRAM_4layer__sample_SRAM__1MB__ReadLatency.cfg,1,MB,sample_SRAM.cell,sample_SRAM.cell,Cache,Read Latency,ReadLatency,0.429,0.252,5.86,411,410,152897,ok,0,sweep_out/logs/tmp__sample_SRAM_4layer__sample_SRAM__1MB__ReadLatency.cfg.txt,
sample_SRAM_4layer.cfg,sweep_out/tmp_cfgs/tmp__sample_SRAM_4layer__sample_SRAM__2MB__ReadLatency.cfg,2,MB,sample_SRAM.cell,sample_SRAM.cell,Cache,Read Latency,ReadLatency,0.584,0.363,8.411,448,447,245538,ok,0,sweep_out/logs/tmp__sample_SRAM_4layer__sample_SRAM__2MB__ReadLatency.cfg.txt,
sample_SRAM_4layer.cfg,sweep_out/tmp_cfgs/tmp__sample_SRAM_4layer__sample_SRAM__4MB__ReadLatency.cfg,4,MB,sample_SRAM.cell,sample_SRAM.cell,Cache,Read Latency,ReadLatency,0.737,0.537,10.877,537,536,459781,ok,0,sweep_out/logs/tmp__sample_SRAM_4layer__sample_SRAM__4MB__ReadLatency.cfg.txt,
sample_SRAM_4layer.cfg,sweep_out/tmp_cfgs/tmp__sample_SRAM_4layer__sample_SRAM__8MB__ReadLatency.cfg,8,MB,sample_SRAM.cell,sample_SRAM.cell,Cache,Read Latency,ReadLatency,1.031,0.696,19.74,544,543,751774,ok,0,sweep_out/logs/tmp__sample_SRAM_4layer__sample_SRAM__8MB__ReadLatency.cfg.txt,
sample_SRAM_4layer.cfg,sweep_out/tmp_cfgs/tmp__sample_SRAM_4layer__sample_SRAM__1MB__WriteLatency.cfg,1,MB,sample_SRAM.cell,sample_SRAM.cell,Cache,Write Latency,WriteLatency,0.444,0.248,6.366,522,521,174011,ok,0,sweep_out/logs/tmp__sample_SRAM_4layer__sample_SRAM__1MB__WriteLatency.cfg.txt,
sample_SRAM_4layer.cfg,sweep_out/tmp_cfgs/tmp__sample_SRAM_4layer__sample_SRAM__2MB__WriteLatency.cfg,2,MB,sample_SRAM.cell,sample_SRAM.cell,Cache,Write Latency,WriteLatency,0.619,0.359,9.582,559,559,287161,ok,0,sweep_out/logs/tmp__sample_SRAM_4layer__sample_SRAM__2MB__WriteLatency.cfg.txt,
sample_SRAM_4layer.cfg,sweep_out/tmp_cfgs/tmp__sample_SRAM_4layer__sample_SRAM__4MB__WriteLatency.cfg,4,MB,sample_SRAM.cell,sample_SRAM.cell,Cache,Write Latency,WriteLatency,0.997,0.478,19.716,589,588,505716,ok,0,sweep_out/logs/tmp__sample_SRAM_4layer__sample_SRAM__4MB__WriteLatency.cfg.txt,
sample_SRAM_4layer.cfg,sweep_out/tmp_cfgs/tmp__sample_SRAM_4layer__sample_SRAM__8MB__WriteLatency.cfg,8,MB,sample_SRAM.cell,sample_SRAM.cell,Cache,Write Latency,WriteLatency,1.125,0.668,22.726,563,562,723899,ok,0,sweep_out/logs/tmp__sample_SRAM_4layer__sample_SRAM__8MB__WriteLatency.cfg.txt,
sample_SRAM_4layer.cfg,sweep_out/tmp_cfgs/tmp__sample_SRAM_4layer__sample_SRAM__1MB__ReadDynamicEnergy.cfg,1,MB,sample_SRAM.cell,sample_SRAM.cell,Cache,Read Energy,ReadDynamicEnergy,10.921,7.426,3.122,173,169,108543,ok,0,sweep_out/logs/tmp__sample_SRAM_4layer__sample_SRAM__1MB__ReadDynamicEnergy.cfg.txt,
sample_SRAM_4layer.cfg,sweep_out/tmp_cfgs/tmp__sample_SRAM_4layer__sample_SRAM__2MB__ReadDynamicEnergy.cfg,2,MB,sample_SRAM.cell,sample_SRAM.cell,Cache,Read Energy,ReadDynamicEnergy,15.167,11.657,3.794,183,175,144162,ok,0,sweep_out/logs/tmp__sample_SRAM_4layer__sample_SRAM__2MB__ReadDynamicEnergy.cfg.txt,
sample_SRAM_4layer.cfg,sweep_out/tmp_cfgs/tmp__sample_SRAM_4layer__sample_SRAM__4MB__ReadDynamicEnergy.cfg,4,MB,sample_SRAM.cell,sample_SRAM.cell,Cache,Read Energy,ReadDynamicEnergy,17.99,12.017,12.026,205,196,415993,ok,0,sweep_out/logs/tmp__sample_SRAM_4layer__sample_SRAM__4MB__ReadDynamicEnergy.cfg.txt,
sample_SRAM_4layer.cfg,sweep_out/tmp_cfgs/tmp__sample_SRAM_4layer__sample_SRAM__8MB__ReadDynamicEnergy.cfg,8,MB,sample_SRAM.cell,sample_SRAM.cell,Cache,Read Energy,ReadDynamicEnergy,17.067,11.473,13.772,222,208,533907,ok,0,sweep_out/logs/tmp__sample_SRAM_4layer__sample_SRAM__8MB__ReadDynamicEnergy.cfg.txt,
sample_SRAM_4layer.cfg,sweep_out/tmp_cfgs/tmp__sample_SRAM_4layer__sample_SRAM__1MB__WriteDynamicEnergy.cfg,1,MB,sample_SRAM.cell,sample_SRAM.cell,Cache,Write Energy,WriteDynamicEnergy,14.743,11.795,1.98,190,165,74661,ok,0,sweep_out/logs/tmp__sample_SRAM_4layer__sample_SRAM__1MB__WriteDynamicEnergy.cfg.txt,
sample_SRAM_4layer.cfg,sweep_out/tmp_cfgs/tmp__sample_SRAM_4layer__sample_SRAM__2MB__WriteDynamicEnergy.cfg,2,MB,sample_SRAM.cell,sample_SRAM.cell,Cache,Write Energy,WriteDynamicEnergy,15.167,11.657,3.494,223,168,134520,ok,0,sweep_out/logs/tmp__sample_SRAM_4layer__sample_SRAM__2MB__WriteDynamicEnergy.cfg.txt,
sample_SRAM_4layer.cfg,sweep_out/tmp_cfgs/tmp__sample_SRAM_4layer__sample_SRAM__4MB__WriteDynamicEnergy.cfg,4,MB,sample_SRAM.cell,sample_SRAM.cell,Cache,Write Energy,WriteDynamicEnergy,23.528,19.994,6.979,288,183,265400,ok,0,sweep_out/logs/tmp__sample_SRAM_4layer__sample_SRAM__4MB__WriteDynamicEnergy.cfg.txt,
sample_SRAM_4layer.cfg,sweep_out/tmp_cfgs/tmp__sample_SRAM_4layer__sample_SRAM__8MB__WriteDynamicEnergy.cfg,8,MB,sample_SRAM.cell,sample_SRAM.cell,Cache,Write Energy,WriteDynamicEnergy,24.005,19.128,12.593,408,187,494931,ok,0,sweep_out/logs/tmp__sample_SRAM_4layer__sample_SRAM__8MB__WriteDynamicEnergy.cfg.txt,
